namespace,name,version
ipedrazas,kubernetes-snippets,0.1.9
lgalabru,clarity-lsp,0.2.272
perrinjerome,dummy-test-hello-world,0.0.1
shaunlebron,vscode-parinfer,0.6.1
muhammad-sammy,csharp,1.23.15
radiolevity,neofloss,1.1.3
krishnaVamsi,ib-file-uploader,0.0.1
Dizy,lex-flex-yacc-bison,0.0.2
theangryepicbanana,language-io,0.1.3
cheshirekow,cmake-format,0.6.13
pinage404,git-extension-pack,1.0.0
sianglim,slim,0.1.3
aurorabiz,blade-ui-kit,1.2.4
emulicious,emulicious-debugger,1.0.4
mrmlnc,vscode-duplicate,1.2.1
TONLabs,tondev,0.5.0
kokakiwi,vscode-capnproto,0.1.0
shevaua,phpcs,1.0.8
anseki,vscode-color,0.4.5
emilast,LogFileHighlighter,2.8.0
danielsrothstan,uixninja-theme,1.14.0
rafaelmaiolla,diff,0.0.1
bilelmoussaoui,flatpak-vscode,0.0.10
tchayen,markdown-links,0.6.0
Hypernetlabs,galileo-theme,0.0.2
sasjs,sasjs-for-vscode,1.9.5
ducky,ducky,0.0.2
mushan,vscode-paste-image,1.0.4
garrit,p5canvas,1.6.1
dawidd6,debian-vscode,0.1.2
senx,warpscript-language,1.1.27
emroussel,atom-icons,1.1.0
MyoHlaingWin,vscode-language-pack-mm-uni,0.1.128
tombonnike,vscode-status-bar-format-toggle,2.0.0
redhat,vscode-yaml,1.0.0
Prisma,vscode-graphql,0.3.5
Gruntfuggly,open-url,0.0.3
mbessey,vscode-rufo,0.2.1
eg2,vscode-npm-script,0.3.11
nanaian,vscode-star-rod,1.3.0
gitduck,code-streaming,0.3.6
moshfeu,compare-folders,0.19.0
PereLabat,make-lldb-config,0.0.1
antfu,vue-i18n-ally,0.36.10
BroadcomMFD,jcl-language-support,1.0.0
grammarcraft,epsilon-eag,1.3.1
mathiasfrohlich,Kotlin,1.7.1
krishnaVamsi,filesystem-watchers,0.0.1
networkteam,neos-fusion,1.0.6
REditorSupport,r-lsp,0.1.14
IBM,output-colorizer,0.1.2
masonliu,exercism,1.17.0
benspaulding,procfile,1.1.5
dlahmad,dracula-for-rust-theme,0.0.2
lgalabru,clarity-lsp,0.4.0
aurorabiz,blade-ui-kit,1.3.0
Hypernetlabs,galileo-theme,0.0.1
ms-kubernetes-tools,vscode-kubernetes-tools,1.3.2
moshfeu,compare-folders,0.22.0
idleberg,subway,1.0.6
redwan-hossain,auto-rename-tag-clone,0.1.8
alygin,vscode-tlaplus-nightly,2021.9.421
formulahendry,auto-complete-tag,0.2.0
MS-CEINTL,vscode-language-pack-hu,1.48.3
chenglou92,rescript-vscode,1.1.1
nadako,vshaxe,2.23.2
jebbs,plantuml,2.14.0
alygin,vscode-tlaplus-nightly,2021.9.420
robole,marky-dynamic,0.1.4
adelphes,android-dev-ext,1.3.2
aki77,rails-db-schema,0.2.3
GustavoASC,google-drive-vscode,1.1.1
shubham-saudolla,lilac,1.2.6
shyykoserhiy,git-autoconfig,0.0.2
giantcola,advanced-new-file,1.2.2
donjayamanne,jquerysnippets,0.0.1
panaeon,vscode-dhall-lsp-server,0.0.4
genuitecllc,codetogether,4.2.0
fileicons,file-icons,1.0.29
philosowaffle,openapi-designer,0.3.0
KnisterPeter,vscode-github,0.30.4
cweijan,vscode-ssh,1.7.5
bbenoist,Doxygen,1.0.0
aki77,rails-db-schema,0.2.2
madeindjs,notable,0.0.2
idleberg,emoji-code,0.10.0
tomi,xajssnippets,1.1.1
paulmolluzzo,convert-css-in-js,0.3.0
muhammad-sammy,csharp,1.23.14
radiolevity,neofloss,1.1.4
tchayen,markdown-links,0.8.0
nanaian,vscode-star-rod,1.4.0
fernandoescolar,vscode-solution-explorer,0.4.4
emroussel,atom-icons,1.2.0
corneliusludmann,gitpod-trivia,0.0.4
huntertran,auto-markdown-toc,3.0.11
eventyret,bootstrap-4-cdn-snippet,1.11.1
kaiwood,endwise,1.4.2
redhat,vscode-wsdl2rest,0.0.12
davidlday,languagetool-linter,0.16.0
arcanis,vscode-zipfs,2.3.0
hugogranstrom,nimiboost,0.1.0
errata-ai,vale-server,0.12.0
dz4k,vscode-hyperscript-org,0.1.1
mblode,twig-language-2,0.9.1
openfl,lime-vscode-extension,1.4.2
chenglou92,rescript-vscode,1.1.3
hugogranstrom,nimiboost,0.1.1
almenon,arepl,2.0.2
cnshenj,vscode-task-manager,0.4.2
krishnaVamsi,test-plugin,0.0.2
sketchbuch,vsc-packages,1.5.1
DotJoshJohnson,xml,2.5.1
jeanp413,smoketest-check-web,0.0.2
grammarcraft,epsilon-eag-dark-theme,2.0.1
kahole,magit,0.6.21
denoland,vscode-deno-canary,0.0.8
tintoy,msbuild-project-tools,0.3.15
dcasella,monokai-plusplus,1.9.1
AdaCore,ada,22.0.11
fbaligand,vscode-logstash-editor,1.2.0
gitduck,code-streaming,0.3.7
contextmapper,context-mapper-vscode-extension,6.5.1
arzg,gamut,1.9.1
PereLabat,vpl,0.3.0
tonka3000,qtvsctools,0.10.1
LuqueDaniel,languague-renpy,1.0.8
AdamAnand,adamstool,0.1.7
HaaLeo,timing,2.6.0
eclipse-cdt,cdt-gdb-vscode,0.0.92
learnpack,learnpack-vscode,0.0.6
openhab,openhab,0.8.2
readthedocs,rtdbin,0.2.1
bierner,markdown-mermaid,1.9.2
contextmapper,context-mapper-vscode-extension,6.5.0
openfl,lime-vscode-extension,1.4.0
chriscamicas,openedge-abl,1.2.1
fbaligand,vscode-logstash-editor,1.1.2
kokakiwi,vscode-just,2.0.2
ms-kubernetes-tools,vscode-kubernetes-tools,1.3.0
idleberg,extension-api,0.1.0
AdaCore,ada-debug,22.0.10
omBratteng,nftables,0.4.1
CismonX,texinfo,0.1.4
crystal-lang-tools,crystal-lang,0.8.1
standard,vscode-standard,1.5.0
mbari,tethysl,2.0.5
hroussea,42-norminette-v2,0.5.1
riussi,code-stats-vscode,1.0.18
tumido,cron-explained,1.2.1
AvengaGermanyGmbH,couper,0.6.0
grammarcraft,xtend-lang,0.2.0
tomi,xa-style-snippets,1.4.0
asciidoctor,asciidoctor-vscode,2.8.7
perrinjerome,vscode-zc-buildout,0.4.0
bbenoist,Nix,1.0.1
krishnaVamsi,test-plugin,0.0.1
ArtisanByteCrafter,poptheme,1.0.3
jaspernorth,vscode-pigments,2.0.0
Holllo,love,0.1.4
ms-vscode,brackets-pack,0.1.1
idleberg,subway,1.1.0
launchdarklyofficial,launchdarkly-beta,2021.9.1631733774
shoobah,pinkasheck,0.0.7
tonsky,theme-alabaster,0.2.7
CodeBiscuits,assorted-biscuits,0.0.19
BroadcomMFD,workflows4z,1.1.2
laike9m,cyberbrain,0.1.4
krishnaVamsi,testing-todo-highlighter-plugin,1.0.0
HanWang,android-adb-wlan,0.0.5
grammarcraft,epsilon-eag-extension-pack,1.3.1
muhammad-sammy,csharp,1.23.15-PATCH
jq-syntax-highlighting,jq-syntax-highlighting,0.0.2
jonhue,vscode-cyp,1.2.0
TakumiI,markdowntable,0.5.2
kaptainmicila,gzdoom-zscript,1.8.1
metafacture,flux,0.0.2
sasjs,sasjs-for-vscode,1.9.7
garrit,p5canvas,1.7.0
arzg,gamut,1.10.0
PereLabat,vpl,0.2.3
deibit,devdocs,0.2.0
corneliusludmann,gitpod-trivia,0.0.5
nelsonoftrafalgar,truth-table-generator,0.0.1
ionutvmi,reg,1.0.3
huntertran,auto-markdown-toc,3.0.12
openhab,openhab,0.8.1
Mikhail-Arkhipov,r,0.0.26
olifink,fedora-gnome-light-dark,0.0.3
PROxZIMA,sweetdracula,1.0.2
anibalsolon,neuro-viewer,0.0.7
ocamllabs,ocaml-platform,1.8.2
TakumiI,markdowntable,0.6.0
s-nlf-fh,glassit,0.2.3
deepakgupta191199,save-commands,0.0.2
Nightrains,robloxlsp,1.2.1
millerdev,pyxt,0.3.3
Serpen,vbsvscode,1.2.1
golf1052,test-extension,0.0.1
onecentlin,laravel5-snippets,1.12.0
IronGeek,vscode-darklight,0.1.0
atishay-jain,All-Autocomplete,0.0.23
ankitpati,vscodium-amoled,1.0.1
almenon,arepl,2.0.1
DominicVonk,parameter-hints,0.2.5
moshfeu,diff-merge,0.5.0
OlegKunitsyn,gnucobol-debug,2.31.35
snakemake,snakemake-lang,0.1.1
camel-tooling,yo,0.9.11
rokoroku,vscode-theme-darcula,1.2.1
F5DevCentral,vscode-f5,2.10.6
kodetech,electron-debug,20.1.0
hoovercj,haskell-linter,0.0.6
idleberg,sfv,0.1.0
anteprimorac,html-end-tag-labels,0.6.0
byi8220,indented-block-highlighting,1.0.7
sbg-rabix,benten-cwl,2020.6.3
teabyii,ayu,0.20.1
serayuzgur,crates,0.5.6
ev3dev,ev3dev-browser,1.2.0-beta.2
Gruntfuggly,todo-tree,0.0.212
EdgardMessias,php-noverify,0.1.0
bierner,markdown-mermaid,1.12.1
BroadcomMFD,bridge-for-git-explorer,0.1.1
denoland,vscode-deno-canary,0.0.10
jerrygoyal,shortcut-menu-bar,3.0.1
cnshenj,vscode-task-manager,0.4.1
learnpack,learnpack-vscode,0.0.5
idleberg,hopscotch,0.7.0
MS-CEINTL,vscode-language-pack-bg,1.48.3
readthedocs,rtdbin,0.2.0
mbari,tethysltest,0.0.2
LaurentTreguier,rpm-spec,0.3.1
sleistner,vscode-fileutils,3.4.0
pucelle,vscode-css-navigation,1.10.7
IBMBlockchain,ibm-blockchain-platform,2.0.4
daylerees,rainglow,1.5.2
tonka3000,qtvsctools,0.10.0
LuqueDaniel,languague-renpy,1.0.7
AdamAnand,adamstool,0.1.8
HaaLeo,timing,2.5.1
arcanis,vscode-zipfs,2.3.1-rc.3
eclipse-cdt,cdt-gdb-vscode,0.0.91
BazelBuild,vscode-bazel,0.4.0
sketchbuch,vsc-packages,1.5.0
kokakiwi,vscode-just,2.0.1
idleberg,icon-fonts-legacy,1.10.0
idleberg,badgen,0.1.1
funketh,pride-themes,0.3.0
PrateekMahendrakar,resxpress,4.2.0
DotJoshJohnson,xml,2.5.0
BroadcomMFD,code4z-extension-pack,1.1.7
RDebugger,r-debugger,0.4.5
millerdev,pyxt,0.3.4
SDTTTTT,bangumiopen,2.2.5
fabiospampinato,vscode-open-in-npm,1.0.4
dunstontc,viml,0.1.7
MS-CEINTL,vscode-language-pack-uk,1.48.3
robole,markdown-shortcuts,0.4.0
sndst00m,vscode-native-svg-preview,1.60.0
attilabuti,brainfuck-syntax,0.0.1
RDebugger,r-debugger,0.4.6
alygin,vscode-tlaplus,1.5.2
lukinco,lukin-vscode-theme,0.1.5
smcpeak,default-keys-windows,0.0.6
ms-toolsai,jupyter,2021.8.0
tuto193,monokai-vibrant,0.5.0
ev3dev,ev3dev-browser,1.2.0
ms-python,anaconda-extension-pack,1.0.1
formulahendry,vscode-mysql,0.4.0
a5huynh,vscode-ron,0.6.0
radiolevity,salt-water-taffy,0.2.2
ahmadawais,emoji-log-vscode,1.0.0
grammarcraft,epsilon-eag-dark-theme,1.3.1
cspruit,90s-anime,1.0.0
kaptainmicila,gzdoom-zscript,1.7.5
maximedenes,vscoq,0.3.3
bringout,postgres,2.0.4
redhat,apache-camel-extension-pack,0.0.9
steoates,autoimport,1.5.3
rusnasonov,vscode-hugo,0.24.0
html-validate,vscode-html-validate,2.2.0
edukera,archetype,0.41.0
akamud,vscode-theme-onedark,2.2.1
krishnaVamsi,ccbp-project-workspace-plugin,1.0.12
tboox,xmake-vscode,1.4.4
jeanp413,smoketest-check-web,0.0.1
fivethree,vscode-ionic-snippets,2.2.1
Luxcium,pop-n-lock-theme-vscode,3.27.3333
denoland,vscode-deno,3.4.0
efoerster,texlab,3.0.1
Qeenon,hot-emo-theme,0.0.5
pflannery,vscode-versionlens,1.0.9
prime31,zig,0.1.7
rogalmic,vscode-xml-complete,0.2.14
sap-partner-eng,extension-pack,1.0.5
jamesinaxx,vscode-devaffirmations,1.1.4
sap-partner-eng,python-installer-extension,0.0.15
huytd,espresso-tutti,0.0.2
evgeniypeshkov,syntax-highlighter,0.5.1
technicolor-creamsicle,deepdark-material,3.3.0
CodeBiscuits,css-biscuits,0.0.3
dbroemme,yesyoucancoderuby,1.0.4
maelvalais,autoconf,0.1.0
dhall,dhall-lang,0.0.5
Pivotal,vscode-bosh,1.26.0
christianvoigt,argdown-vscode,1.5.0
fivethree,vscode-hugo-snippets,0.4.1
franklx,vscode-desert256,0.5.2
dlasagno,wal-theme,1.1.2
mrworkman,papercolor-vscode-redux,0.10.0
asabil,meson,1.3.0
arthurwangtz,systemx-studio,0.0.6
kahole,magit,0.6.20
ivangabriele,vscode-git-add-and-commit,2.1.1
denco,confluence-markup,0.1.12
pinage404,common-configuration-languages-extension-pack,0.1.0
a5hk,night-coder,2.21.0
ms-vscode,azure-account,0.8.9
the-compiler,python-tox,0.0.1
LaurentTreguier,rpm-spec,0.3.2
ozgurkadir,cds-csv-generator,0.0.4
k--kato,docomment,0.1.18
intersystems-community,vscode-objectscript,1.0.12
Robouden,robouden-dark,0.9.4
Daimler,sechub,0.1.0
ms-vscode,atom-keybindings,3.0.6
JeffersonQin,latex-snippets-jeff,1.2.3
assisrMatheus,sidebar-markdown-notes,1.0.4
idleberg,icon-fonts-legacy,1.11.0
muuvmuuv,vscode-sundial,2.5.0
fernandoescolar,vscode-solution-explorer,0.4.3
GabrielBB,vscode-lombok,1.0.0
DominicVonk,parameter-hints,0.2.3
kube,42header,0.42.9
alegemaate,ssl-syntax-support,1.0.3
jeff-hykin,better-dockerfile-syntax,1.0.2
larshp,vscode-abap,0.5.4
iocave,customize-ui,0.1.50
pinage404,markdown-extension-pack,0.1.0
emroussel,atomize-atom-one-dark-theme,1.5.4
krishnaVamsi,ccbp-project-testing,1.0.0
marcostazi,VS-code-vagrantfile,0.0.7
a5hk,ice,0.6.0
sleistner,vscode-fileutils,3.4.2
Gruntfuggly,scoper,0.0.13
Durzn,brackethighlighter,2.2.4
huacat,pink-theme,0.3.3
mitchdenny,ecdc,1.4.0
fliplet,vscode,1.1.2
krishnaVamsi,ccbp-webview-plugin,1.0.0
jsw,csharpextensions,1.4.1
iocave,monkey-patch,0.1.11
metafacture,fix,0.1.1
foxundermoon,shell-format,7.0.1
christian-kohler,path-intellisense,2.3.0
richie5um2,vscode-sort-json,1.19.2
huytd,tokyo-city,0.2.2
Hachidaime,cold-deep-black,1.6.0
earshinov,simple-alignment,1.0.0
ahmadawais,shades-of-purple,6.13.0
stkb,rewrap,1.14.0
robole,marky-markdown,2.10.0
mike-flanigan,daobeam,1.3.12
Huka,garden-helper,0.0.7
kisstkondoros,vscode-gutter-preview,0.26.2
phil9909,ytt-lint,0.2.2
d-koppenhagen,vscode-code-review,1.28.0
nick-rudenko,back-n-forth,3.1.0
ionutvmi,reg,1.0.2
torn4dom4n,latex-support,3.6.0
Gruntfuggly,bettercomment,0.0.12
Avoonix,furry-language,0.1.1
antfu,iconify,0.2.0
muhammad-sammy,gray-theme,0.0.5
MyoHlaingWin,vscode-language-pack-mm-uni,0.1.129
kaiwood,endwise,1.5.1
lefebsy,vskubi-lite,1.4.4
davidlday,languagetool-linter,0.17.0
arcanis,vscode-zipfs,2.2.4
redhat,project-initializer,0.2.0
cspruit,90s-anime,1.0.3
danmannock,vscode-fsharp-refactor,0.6.2
shardulm94,trailing-spaces,0.3.1
neonxp,gotools,0.0.5
msjsdiag,debugger-for-edge,1.0.10
MS-CEINTL,vscode-language-pack-en-GB,1.48.3
krishnaVamsi,webview-sample,0.0.1
GrapeCity,gc-excelviewer,3.0.42
theangryepicbanana,language-pascal,0.1.4
Koihik,vscode-lua-format,1.3.8
ExodiusStudios,comment-anchors,1.9.4
kasik96,latte,0.16.0
dendron,dendron-snippet-maker,0.1.6
MercierCorentin,lustre,0.1.4
redhat,vscode-wsdl2rest,0.0.13
tumido,cron-explained,1.3.0
perrinjerome,vscode-zc-buildout,0.5.0
EdgardMessias,php-noverify,0.2.0
ankitpati,vscodium-amoled,1.0.2
pucelle,vscode-css-navigation,1.11.0
cyrilletuzi,angular-schematics,5.0.0
codingyu,laravel-goto-view,1.3.4
activecove,marquee,1.3.3
ChrisRu,vscode-nightsky,2.0.0
CodeStream,github-enterprise,11.0.11
atsushieno,language-review,0.7.1
bceskavich,theme-dracula-at-night,2.6.0
tmrdh,symfony-helper,1.0.7
AdaCore,ada-debug,22.0.11
jerrygoyal,shortcut-menu-bar,3.0.3
BazelBuild,vscode-bazel,0.4.1
idleberg,hopscotch,0.8.1
mbari,tethysltest,0.0.3
funketh,pride-themes,0.3.1
PrateekMahendrakar,resxpress,4.2.1
olifink,fedora-gnome-light-dark,0.0.4
PROxZIMA,sweetdracula,1.0.3
OlegKunitsyn,gnucobol-debug,2.31.36
ocamllabs,ocaml-platform,1.8.3
GustavoASC,google-drive-vscode,1.2.0
jeandeaual,scheme,0.1.0
a5hk,paper,0.4.0
BroadcomMFD,lsp-for-rexx,0.0.17
SimplyDanny,modelica,0.0.4
orellabacCR,snowqm-extension,0.0.20
ms-vscode,vscode-typescript-tslint-plugin,1.2.2
grammarcraft,xtend-lang,0.2.3
idleberg,extension-api,0.1.1
omBratteng,nftables,0.4.2
crystal-lang-tools,crystal-lang,0.8.2
standard,vscode-standard,1.5.1
mbari,tethysl,2.0.6
asciidoctor,asciidoctor-vscode,2.8.8
onecentlin,laravel5-snippets,1.13.0
IronGeek,vscode-darklight,0.1.1
snakemake,snakemake-lang,0.1.5
BroadcomMFD,code4z-extension-pack,1.2.0
alygin,vscode-tlaplus,1.5.3
idleberg,sfv,0.2.0
akamud,vscode-theme-onedark,2.2.3
krishnaVamsi,ccbp-project-workspace-plugin,1.0.13
jamesinaxx,vscode-devaffirmations,1.1.5
tuto193,monokai-vibrant,0.5.1
fivethree,vscode-ionic-snippets,2.2.2
Luxcium,pop-n-lock-theme-vscode,3.28.5
radiolevity,salt-water-taffy,0.2.3
denoland,vscode-deno,3.7.0
launchdarklyofficial,launchdarkly-beta,2021.5.1621341594
christianvoigt,argdown-vscode,1.5.3
CodeBiscuits,assorted-biscuits,0.0.20
BroadcomMFD,workflows4z,1.2.1
phil9909,ytt-lint,0.3.1
torn4dom4n,latex-support,3.7.0
BroadcomMFD,bridge-for-git-explorer,0.2.0
Nightrains,robloxlsp,1.2.2
rokoroku,vscode-theme-darcula,1.2.3
maximedenes,vscoq,0.3.4
bringout,postgres,2.0.5
ms-toolsai,jupyter,2021.8.12
dbroemme,yesyoucancoderuby,1.0.6
teabyii,ayu,0.20.2
serayuzgur,crates,0.5.7
mrmlnc,vscode-scss,0.9.1
ozgurkadir,cds-csv-generator,0.0.5
fliplet,vscode,1.1.3
robole,marky-markdown,2.8.1
metafacture,fix,0.1.0
neonxp,gotools,0.0.6
d-koppenhagen,vscode-code-review,1.29.1
Gruntfuggly,bettercomment,0.0.14
muhammad-sammy,gray-theme,0.0.4
jonhue,vscode-cyp,1.3.0
Prisma,vscode-graphql,0.3.6
MercierCorentin,lustre,0.1.5
robole,markdown-shortcuts,0.5.0
sndst00m,vscode-native-svg-preview,1.60.2
F5DevCentral,vscode-f5,2.10.7
smcpeak,default-keys-windows,0.0.7
edukera,archetype,0.42.0
anteprimorac,html-end-tag-labels,0.7.0
sap-partner-eng,extension-pack,1.0.8
sbg-rabix,benten-cwl,2020.7.29
efoerster,texlab,3.1.0
cspruit,90s-anime,1.0.1
a5hk,night-coder,2.22.0
the-compiler,python-tox,0.0.2
lextudio,restructuredtext,145.0.0
rogalmic,vscode-xml-complete,0.2.15
cweijan,vscode-mysql-client2,4.1.0
k--kato,docomment,0.1.19
Robouden,robouden-dark,0.9.5
jsw,csharpextensions,1.4.2
Huka,garden-helper,0.0.10
muuvmuuv,vscode-sundial,2.6.0
sap-partner-eng,python-installer-extension,0.0.16
a5huynh,vscode-ron,0.9.0
Pivotal,vscode-bosh,1.27.0
huacat,pink-theme,0.3.4
intersystems-community,vscode-objectscript,1.0.13
SDTTTTT,bangumiopen,2.2.6
JeffersonQin,latex-snippets-jeff,1.2.1
iocave,monkey-patch,0.1.12
arthurwangtz,systemx-studio,0.1.0
GabrielBB,vscode-lombok,1.0.1
richie5um2,vscode-sort-json,1.20.0
huytd,tokyo-city,0.2.3
Hachidaime,cold-deep-black,1.7.0
HanWang,android-adb-wlan,0.0.6
GrapeCity,gc-excelviewer,3.0.43
grammarcraft,epsilon-eag-extension-pack,2.0.3
nick-rudenko,back-n-forth,3.1.1
PereLabat,make-lldb-config,0.2.0
eventyret,bootstrap-4-cdn-snippet,1.12.0
madeindjs,notable,0.2.0
benspaulding,procfile,1.1.6
nanaian,vscode-star-rod,1.4.1
emroussel,atomize-atom-one-dark-theme,1.5.5
franklx,vscode-desert256,0.5.3
laike9m,cyberbrain,0.1.5
ExodiusStudios,comment-anchors,1.9.5
atsushieno,language-review,0.7.2
antfu,vue-i18n-ally,0.36.9
krishnaVamsi,filesystem-watchers,0.0.2
sasjs,sasjs-for-vscode,1.9.6
ms-kubernetes-tools,vscode-kubernetes-tools,1.3.3
grammarcraft,xtend-lang,0.2.2
asciidoctor,asciidoctor-vscode,2.8.9
tonka3000,qtvsctools,0.9.0
idleberg,hopscotch,0.8.0
ocamllabs,ocaml-platform,1.8.4
maximedenes,vscoq,0.3.5
sap-partner-eng,extension-pack,1.0.7
alegemaate,ssl-syntax-support,1.0.4
denco,confluence-markup,1.0.0
nadim-vscode,symfony-code-snippets,0.2.6
earshinov,simple-alignment,1.0.1
MS-CEINTL,vscode-language-pack-en-GB,1.54.1
theangryepicbanana,language-pascal,0.1.5
kasik96,latte,0.17.0
antfu,iconify,0.2.1
tmrdh,symfony-helper,1.0.8
KnisterPeter,vscode-github,0.30.5
grammarcraft,epsilon-eag,2.0.1
alygin,vscode-tlaplus-nightly,2021.9.500
moshfeu,compare-folders,0.20.1
hugogranstrom,nimiboost,0.1.2
dbroemme,yesyoucancoderuby,1.0.5
sap-partner-eng,python-installer-extension,0.0.14
robole,marky-dynamic,0.2.0
cweijan,vscode-ssh,1.7.6
shubham-saudolla,lilac,1.2.7
dz4k,vscode-hyperscript-org,0.1.2
tomi,xajssnippets,1.1.2
dlahmad,dracula-for-rust-theme,0.0.3
fbaligand,vscode-logstash-editor,1.1.3
chenglou92,rescript-vscode,1.1.2
AdaCore,ada-debug,22.0.9
readthedocs,rtdbin,0.2.2
idleberg,icon-fonts-legacy,1.9.1
funketh,pride-themes,0.3.2
PrateekMahendrakar,resxpress,4.3.0
GustavoASC,google-drive-vscode,1.3.1
bringout,postgres,2.1.1
RDebugger,r-debugger,0.4.7
krishnaVamsi,ccbp-project-workspace-plugin,1.0.14
idleberg,emoji-code,0.9.0
radiolevity,neofloss,1.1.5
corneliusludmann,gitpod-trivia,0.0.3
redhat,project-initializer,0.2.1
idleberg,extension-api,0.1.2
omBratteng,nftables,0.4.3
crystal-lang-tools,crystal-lang,0.7.3
tumido,cron-explained,1.3.1
ankitpati,vscodium-amoled,1.0.3
almenon,arepl,2.0.3
cnshenj,vscode-task-manager,0.5.0
learnpack,learnpack-vscode,0.0.4
sketchbuch,vsc-packages,1.6.6
kokakiwi,vscode-just,2.1.0
OlegKunitsyn,gnucobol-debug,2.31.37
TakumiI,markdowntable,0.7.0
millerdev,pyxt,0.3.5
robole,markdown-shortcuts,0.5.1
F5DevCentral,vscode-f5,3.0.1
edukera,archetype,0.43.0
iocave,customize-ui,0.1.51
gitduck,code-streaming,0.3.8
mbari,tethysl,2.0.7
LuqueDaniel,languague-renpy,1.1.0
sndst00m,vscode-native-svg-preview,1.60.1
CismonX,texinfo,0.2.1
standard,vscode-standard,2.0.0
perrinjerome,vscode-zc-buildout,0.3.0
arzg,gamut,1.9.2
PereLabat,vpl,0.3.1
openhab,openhab,1.0.0
Nightrains,robloxlsp,1.3.0
kaptainmicila,gzdoom-zscript,1.7.6
alygin,vscode-tlaplus,1.5.4
akamud,vscode-theme-onedark,2.2.2
anteprimorac,html-end-tag-labels,0.8.0
tuto193,monokai-vibrant,0.5.2
jeanp413,smoketest-check-web,0.0.3
sbg-rabix,benten-cwl,2021.1.5
radiolevity,salt-water-taffy,0.3.0
denoland,vscode-deno,3.9.1
Pivotal,vscode-bosh,1.28.0
grammarcraft,epsilon-eag-dark-theme,2.0.3
teabyii,ayu,1.0.3
efoerster,texlab,3.2.0
CodeBiscuits,assorted-biscuits,0.0.21
iocave,monkey-patch,0.1.9
kasik96,latte,0.18.0
PereLabat,make-lldb-config,0.3.0
launchdarklyofficial,launchdarkly-beta,2021.9.1631733563
the-compiler,python-tox,0.0.3
cweijan,vscode-mysql-client2,4.1.1
fliplet,vscode,1.1.4
robole,marky-markdown,2.9.0
muuvmuuv,vscode-sundial,2.4.0
phil9909,ytt-lint,0.3.0
grammarcraft,epsilon-eag-extension-pack,2.0.1
ExodiusStudios,comment-anchors,1.9.6
Gruntfuggly,bettercomment,0.0.15
antfu,iconify,0.2.2
eventyret,bootstrap-4-cdn-snippet,1.13.0
robole,marky-dynamic,0.3.0
idleberg,emoji-code,0.9.1
serayuzgur,crates,0.5.9
SDTTTTT,bangumiopen,2.2.7
Huka,garden-helper,0.0.8
DominicVonk,parameter-hints,0.2.7
GrapeCity,gc-excelviewer,3.0.44
torn4dom4n,latex-support,3.9.0
jonhue,vscode-cyp,1.4.0
Prisma,vscode-graphql,0.3.7
dz4k,vscode-hyperscript-org,0.1.3
krishnaVamsi,filesystem-watchers,0.0.3
Luxcium,pop-n-lock-theme-vscode,3.31.0
rogalmic,vscode-xml-complete,0.2.13
k--kato,docomment,0.1.20
intersystems-community,vscode-objectscript,1.0.14
Robouden,robouden-dark,0.9.6
jsw,csharpextensions,1.4.3
arthurwangtz,systemx-studio,0.0.5
kahole,magit,0.6.22
denoland,vscode-deno-canary,0.0.7
laike9m,cyberbrain,0.2.0
christian-kohler,path-intellisense,2.2.1
denco,confluence-markup,0.1.11
neonxp,gotools,0.0.7
d-koppenhagen,vscode-code-review,1.29.0
Hachidaime,cold-deep-black,1.8.0
HanWang,android-adb-wlan,0.0.7
theangryepicbanana,language-pascal,0.1.6
atsushieno,language-review,0.7.3
muhammad-sammy,gray-theme,0.0.6
KnisterPeter,vscode-github,0.30.6
MercierCorentin,lustre,0.1.6
grammarcraft,epsilon-eag,2.0.3
benspaulding,procfile,1.1.7
tomi,xajssnippets,1.2.0